,batch_size,SGD,Nesterov,Adam,LBFGS
0,25.0,0.984743411927878,0.9833564493758669,0.994914470642626,0.6296809986130375
1,50.0,0.9815071659731854,0.9935275080906149,0.9921405455386038,0.9574664817383264
2,100.0,0.9773462783171522,0.9953767914932964,0.9935275080906149,0.9496070272769301
3,250.0,0.9440591770688858,0.9939898289412853,0.9921405455386038,0.970873786407767
4,500.0,0.9112343966712899,0.9912159038372631,0.9842810910772076,0.0
5,1000.0,0.8478964401294499,0.9731853906611189,0.9819694868238558,0.9565418400369856
