,Step size,LBFGS
0,1e-08,0.59500693481276
1,1e-05,0.5779010633379565
2,0.001,0.5732778548312529
3,0.01,0.5321312991215904
4,,0.9815071659731854
