,strategy,SGD
0,0.0,0.9750346740638003
1,1.0,0.9694868238557559
2,2.0,0.9754969949144706
3,3.0,0.9727230698104484
